timestamp,figure_id,figure_name,experiment_type,fixed_M,fixed_N_RF,fixed_N,fixed_d,fixed_SNR_dB,sweep_variable,sweep_value,truth_model,N_MC,r_RD_m,method,input_data,NMSE_dB_mean,NMSE_dB_std,RMSE_theta_deg_mean,RMSE_r_m_mean,fail_rate_pct,runtime_s,clkl_avg_iters,clkl_conv_pct,clkl_N0_mean,CRB_theta_deg,CRB_r_m,notes
2026-03-28 12:28:58,Fig2,NMSE_vs_SNR,primary,64,8,64,3,-15,SNR_dB,-15,exact_USW,400,21.2625,CL-KL,R_hat,10.1814,1.15827,11.6797,14.2272,100,,6,100,24.9172,2.49685,244.152,
2026-03-28 12:28:58,Fig2,NMSE_vs_SNR,primary,64,8,64,3,-15,SNR_dB,-15,exact_USW,400,21.2625,P-SOMP,R_hat,9.86755,0.700729,12.3227,8.02534,98,,,,,,,
2026-03-28 12:28:58,Fig2,NMSE_vs_SNR,primary,64,8,64,3,-15,SNR_dB,-15,exact_USW,400,21.2625,DL-OMP,X,12.4772,1.68764,7.49981,8.86096,91.75,,,,,,,
2026-03-28 12:28:58,Fig2,NMSE_vs_SNR,primary,64,8,64,3,-15,SNR_dB,-15,exact_USW,400,21.2625,MUSIC+Tri,X,11.0895,2.79306,16.1945,11.0473,99.5,,,,,,,
2026-03-28 12:28:58,Fig2,NMSE_vs_SNR,primary,64,8,64,3,-15,SNR_dB,-15,exact_USW,400,21.2625,DFrFT-NOMP,X,11.4737,2.14491,15.9162,7.1025,97.25,,,,,,,
2026-03-28 12:28:58,Fig2,NMSE_vs_SNR,primary,64,8,64,3,-15,SNR_dB,-15,exact_USW,400,21.2625,BF-SOMP,X,12.5193,1.28043,15.0879,9.05907,97.75,,,,,,,
2026-03-28 12:29:01,Fig2,NMSE_vs_SNR,primary,64,8,64,3,-10,SNR_dB,-10,exact_USW,400,21.2625,CL-KL,R_hat,5.79331,0.805486,11.2834,14.913,99.75,,7.11,100,8.29084,0.882875,93.8953,
2026-03-28 12:29:01,Fig2,NMSE_vs_SNR,primary,64,8,64,3,-10,SNR_dB,-10,exact_USW,400,21.2625,P-SOMP,R_hat,5.68262,0.67323,11.6884,8.021,96.75,,,,,,,
2026-03-28 12:29:01,Fig2,NMSE_vs_SNR,primary,64,8,64,3,-10,SNR_dB,-10,exact_USW,400,21.2625,DL-OMP,X,7.56179,1.67413,6.35668,7.42713,82,,,,,,,
2026-03-28 12:29:01,Fig2,NMSE_vs_SNR,primary,64,8,64,3,-10,SNR_dB,-10,exact_USW,400,21.2625,MUSIC+Tri,X,7.61288,1.99982,14.6567,9.88787,94.75,,,,,,,
2026-03-28 12:29:01,Fig2,NMSE_vs_SNR,primary,64,8,64,3,-10,SNR_dB,-10,exact_USW,400,21.2625,DFrFT-NOMP,X,7.46155,1.7891,15.0301,7.15257,95.5,,,,,,,
2026-03-28 12:29:01,Fig2,NMSE_vs_SNR,primary,64,8,64,3,-10,SNR_dB,-10,exact_USW,400,21.2625,BF-SOMP,X,8.0883,1.16418,15.1782,8.97046,97.75,,,,,,,
2026-03-28 12:29:04,Fig2,NMSE_vs_SNR,primary,64,8,64,3,-5,SNR_dB,-5,exact_USW,400,21.2625,CL-KL,R_hat,2.04868,0.993423,10.5621,16.8521,99.5,,9.5725,100,2.76764,0.331313,33.6522,
2026-03-28 12:29:04,Fig2,NMSE_vs_SNR,primary,64,8,64,3,-5,SNR_dB,-5,exact_USW,400,21.2625,P-SOMP,R_hat,2.13861,0.810727,10.3495,7.69292,93.75,,,,,,,
2026-03-28 12:29:04,Fig2,NMSE_vs_SNR,primary,64,8,64,3,-5,SNR_dB,-5,exact_USW,400,21.2625,DL-OMP,X,2.97868,1.70088,5.66325,6.76748,71.5,,,,,,,
2026-03-28 12:29:04,Fig2,NMSE_vs_SNR,primary,64,8,64,3,-5,SNR_dB,-5,exact_USW,400,21.2625,MUSIC+Tri,X,3.95708,1.35856,12.3758,9.3995,97,,,,,,,
2026-03-28 12:29:04,Fig2,NMSE_vs_SNR,primary,64,8,64,3,-5,SNR_dB,-5,exact_USW,400,21.2625,DFrFT-NOMP,X,4.40425,1.39211,14.3511,7.60485,96.25,,,,,,,
2026-03-28 12:29:04,Fig2,NMSE_vs_SNR,primary,64,8,64,3,-5,SNR_dB,-5,exact_USW,400,21.2625,BF-SOMP,X,4.33498,1.13175,14.2168,9.40875,96.5,,,,,,,
2026-03-28 12:29:07,Fig2,NMSE_vs_SNR,primary,64,8,64,3,0,SNR_dB,0,exact_USW,400,21.2625,CL-KL,R_hat,-0.986006,1.49353,8.8983,16.4457,98.5,,12.245,100,0.921415,0.152341,15.9387,
2026-03-28 12:29:07,Fig2,NMSE_vs_SNR,primary,64,8,64,3,0,SNR_dB,0,exact_USW,400,21.2625,P-SOMP,R_hat,-0.562245,1.43721,9.38906,7.41908,94.25,,,,,,,
2026-03-28 12:29:07,Fig2,NMSE_vs_SNR,primary,64,8,64,3,0,SNR_dB,0,exact_USW,400,21.2625,DL-OMP,X,-0.652139,1.97484,5.10613,5.43116,58.75,,,,,,,
2026-03-28 12:29:07,Fig2,NMSE_vs_SNR,primary,64,8,64,3,0,SNR_dB,0,exact_USW,400,21.2625,MUSIC+Tri,X,1.27408,1.38422,10.668,8.31521,91,,,,,,,
2026-03-28 12:29:07,Fig2,NMSE_vs_SNR,primary,64,8,64,3,0,SNR_dB,0,exact_USW,400,21.2625,DFrFT-NOMP,X,2.44896,1.19195,12.1498,7.22104,96.75,,,,,,,
2026-03-28 12:29:07,Fig2,NMSE_vs_SNR,primary,64,8,64,3,0,SNR_dB,0,exact_USW,400,21.2625,BF-SOMP,X,0.833495,1.1788,11.0875,7.51937,96,,,,,,,
2026-03-28 12:29:11,Fig2,NMSE_vs_SNR,primary,64,8,64,3,5,SNR_dB,5,exact_USW,400,21.2625,CL-KL,R_hat,-3.55952,2.4114,7.50337,17.0233,97.5,,16.69,100,0.296975,0.0792004,7.87066,
2026-03-28 12:29:11,Fig2,NMSE_vs_SNR,primary,64,8,64,3,5,SNR_dB,5,exact_USW,400,21.2625,P-SOMP,R_hat,-2.60195,2.37728,8.07008,7.18288,93,,,,,,,
2026-03-28 12:29:11,Fig2,NMSE_vs_SNR,primary,64,8,64,3,5,SNR_dB,5,exact_USW,400,21.2625,DL-OMP,X,-3.15834,2.71638,5.16021,5.28389,57.25,,,,,,,
2026-03-28 12:29:11,Fig2,NMSE_vs_SNR,primary,64,8,64,3,5,SNR_dB,5,exact_USW,400,21.2625,MUSIC+Tri,X,-1.2295,2.33144,8.05081,6.78312,69.75,,,,,,,
2026-03-28 12:29:11,Fig2,NMSE_vs_SNR,primary,64,8,64,3,5,SNR_dB,5,exact_USW,400,21.2625,DFrFT-NOMP,X,1.30105,1.28863,10.8841,7.35698,96.75,,,,,,,
2026-03-28 12:29:11,Fig2,NMSE_vs_SNR,primary,64,8,64,3,5,SNR_dB,5,exact_USW,400,21.2625,BF-SOMP,X,-0.541991,1.68627,10.4238,7.77115,95.25,,,,,,,
2026-03-28 12:29:23,Fig2,NMSE_vs_SNR,primary,64,8,64,3,10,SNR_dB,10,exact_USW,400,21.2625,CL-KL,R_hat,-5.25447,3.04389,6.89539,16.5689,97.5,,124.927,21.75,0.0951271,0.0436258,4.35133,
2026-03-28 12:29:23,Fig2,NMSE_vs_SNR,primary,64,8,64,3,10,SNR_dB,10,exact_USW,400,21.2625,P-SOMP,R_hat,-4.3791,3.20027,7.62038,7.17424,90.25,,,,,,,
2026-03-28 12:29:23,Fig2,NMSE_vs_SNR,primary,64,8,64,3,10,SNR_dB,10,exact_USW,400,21.2625,DL-OMP,X,-4.89547,3.70283,5.00421,4.61753,49.5,,,,,,,
2026-03-28 12:29:23,Fig2,NMSE_vs_SNR,primary,64,8,64,3,10,SNR_dB,10,exact_USW,400,21.2625,MUSIC+Tri,X,-3.25209,3.00202,4.87942,4.94655,51.5,,,,,,,
2026-03-28 12:29:23,Fig2,NMSE_vs_SNR,primary,64,8,64,3,10,SNR_dB,10,exact_USW,400,21.2625,DFrFT-NOMP,X,1.03092,1.32474,10.6058,7.18041,94.5,,,,,,,
2026-03-28 12:29:23,Fig2,NMSE_vs_SNR,primary,64,8,64,3,10,SNR_dB,10,exact_USW,400,21.2625,BF-SOMP,X,-2.0271,2.76889,10.2908,7.48968,94.25,,,,,,,
2026-03-28 12:29:36,Fig2,NMSE_vs_SNR,primary,64,8,64,3,15,SNR_dB,15,exact_USW,400,21.2625,CL-KL,R_hat,-5.40982,3.50496,6.92316,15.9013,96.75,,136.625,12,0.0301182,0.0247532,2.41649,
2026-03-28 12:29:36,Fig2,NMSE_vs_SNR,primary,64,8,64,3,15,SNR_dB,15,exact_USW,400,21.2625,P-SOMP,R_hat,-4.43206,3.50897,7.6657,7.21336,91.5,,,,,,,
2026-03-28 12:29:36,Fig2,NMSE_vs_SNR,primary,64,8,64,3,15,SNR_dB,15,exact_USW,400,21.2625,DL-OMP,X,-5.47965,4.59643,5.02801,4.96076,53,,,,,,,
2026-03-28 12:29:36,Fig2,NMSE_vs_SNR,primary,64,8,64,3,15,SNR_dB,15,exact_USW,400,21.2625,MUSIC+Tri,X,-4.49305,3.38061,4.21093,4.06395,39,,,,,,,
2026-03-28 12:29:36,Fig2,NMSE_vs_SNR,primary,64,8,64,3,15,SNR_dB,15,exact_USW,400,21.2625,DFrFT-NOMP,X,0.866126,1.36223,10.3998,7.53399,94.5,,,,,,,
2026-03-28 12:29:36,Fig2,NMSE_vs_SNR,primary,64,8,64,3,15,SNR_dB,15,exact_USW,400,21.2625,BF-SOMP,X,-2.43689,2.96587,9.50831,7.49676,92.25,,,,,,,
2026-03-28 12:29:44,Fig2,NMSE_vs_SNR,primary,64,8,64,3,20,SNR_dB,20,exact_USW,400,21.2625,CL-KL,R_hat,-5.0825,4.32809,7.51104,15.5921,95.25,,94.615,61.75,0.00952899,0.0146556,1.50938,
2026-03-28 12:29:44,Fig2,NMSE_vs_SNR,primary,64,8,64,3,20,SNR_dB,20,exact_USW,400,21.2625,P-SOMP,R_hat,-5.00659,3.8025,7.21019,7.0067,90,,,,,,,
2026-03-28 12:29:44,Fig2,NMSE_vs_SNR,primary,64,8,64,3,20,SNR_dB,20,exact_USW,400,21.2625,DL-OMP,X,-6.21243,5.04267,4.53934,4.41291,47,,,,,,,
2026-03-28 12:29:44,Fig2,NMSE_vs_SNR,primary,64,8,64,3,20,SNR_dB,20,exact_USW,400,21.2625,MUSIC+Tri,X,-4.65607,3.54022,3.53643,3.04994,35.25,,,,,,,
2026-03-28 12:29:44,Fig2,NMSE_vs_SNR,primary,64,8,64,3,20,SNR_dB,20,exact_USW,400,21.2625,DFrFT-NOMP,X,0.744503,1.49782,10.7351,7.18725,96.75,,,,,,,
2026-03-28 12:29:44,Fig2,NMSE_vs_SNR,primary,64,8,64,3,20,SNR_dB,20,exact_USW,400,21.2625,BF-SOMP,X,-2.73776,3.02653,9.34564,7.38637,95.25,,,,,,,
2026-03-28 12:29:47,Fig2,NMSE_vs_SNR,primary,64,8,64,3,25,SNR_dB,25,exact_USW,400,21.2625,CL-KL,R_hat,-0.562277,1.99821,11.5714,16.2166,98.75,,19.915,92.25,0.00301747,0.0077805,0.687893,
2026-03-28 12:29:47,Fig2,NMSE_vs_SNR,primary,64,8,64,3,25,SNR_dB,25,exact_USW,400,21.2625,P-SOMP,R_hat,-4.63101,3.57761,8.06836,7.25984,92.5,,,,,,,
2026-03-28 12:29:47,Fig2,NMSE_vs_SNR,primary,64,8,64,3,25,SNR_dB,25,exact_USW,400,21.2625,DL-OMP,X,-5.93686,4.84983,4.91739,4.45661,51,,,,,,,
2026-03-28 12:29:47,Fig2,NMSE_vs_SNR,primary,64,8,64,3,25,SNR_dB,25,exact_USW,400,21.2625,MUSIC+Tri,X,-4.96841,3.57273,3.23583,2.82286,28.25,,,,,,,
2026-03-28 12:29:47,Fig2,NMSE_vs_SNR,primary,64,8,64,3,25,SNR_dB,25,exact_USW,400,21.2625,DFrFT-NOMP,X,0.787472,1.41801,10.354,7.45763,96.25,,,,,,,
2026-03-28 12:29:47,Fig2,NMSE_vs_SNR,primary,64,8,64,3,25,SNR_dB,25,exact_USW,400,21.2625,BF-SOMP,X,-3.07729,3.3069,8.39056,7.49298,93.25,,,,,,,
2026-03-28 12:29:54,Fig3,NMSE_vs_NRF,compression_sweep,64,4,64,3,10,N_RF,4,exact_USW,200,21.2625,CL-KL,R_hat,-0.156735,2.01922,10.0842,14.5002,99.5,,52.33,85,0.092787,,,
2026-03-28 12:29:54,Fig3,NMSE_vs_NRF,compression_sweep,64,4,64,3,10,N_RF,4,exact_USW,200,21.2625,P-SOMP,R_hat,-0.113219,1.39642,11.5812,7.73096,97,,,,,,,
2026-03-28 12:29:54,Fig3,NMSE_vs_NRF,compression_sweep,64,4,64,3,10,N_RF,4,exact_USW,200,21.2625,DL-OMP,X,-1.19518,3.98917,4.64235,5.26092,54.5,,,,,,,
2026-03-28 12:29:54,Fig3,NMSE_vs_NRF,compression_sweep,64,4,64,3,10,N_RF,4,exact_USW,200,21.2625,MUSIC+Tri,X,1.04863,3.93515,6.87096,5.49519,60,,,,,,,
2026-03-28 12:29:54,Fig3,NMSE_vs_NRF,compression_sweep,64,4,64,3,10,N_RF,4,exact_USW,200,21.2625,DFrFT-NOMP,X,4.5584,2.79761,10.9562,7.60181,96.5,,,,,,,
2026-03-28 12:29:54,Fig3,NMSE_vs_NRF,compression_sweep,64,4,64,3,10,N_RF,4,exact_USW,200,21.2625,BF-SOMP,X,0.319423,1.45681,11.7737,7.85974,96,,,,,,,
2026-03-28 12:30:00,Fig3,NMSE_vs_NRF,compression_sweep,64,8,64,3,10,N_RF,8,exact_USW,200,21.2625,CL-KL,R_hat,-5.30649,3.16454,6.2986,16.1294,96.5,,124.065,23,0.0946329,,,
2026-03-28 12:30:00,Fig3,NMSE_vs_NRF,compression_sweep,64,8,64,3,10,N_RF,8,exact_USW,200,21.2625,P-SOMP,R_hat,-3.98197,3.1684,8.30827,7.17339,90,,,,,,,
2026-03-28 12:30:00,Fig3,NMSE_vs_NRF,compression_sweep,64,8,64,3,10,N_RF,8,exact_USW,200,21.2625,DL-OMP,X,-4.94446,3.81617,5.04164,4.98942,57,,,,,,,
2026-03-28 12:30:00,Fig3,NMSE_vs_NRF,compression_sweep,64,8,64,3,10,N_RF,8,exact_USW,200,21.2625,MUSIC+Tri,X,-3.30454,3.09702,5.51237,5.65212,55,,,,,,,
2026-03-28 12:30:00,Fig3,NMSE_vs_NRF,compression_sweep,64,8,64,3,10,N_RF,8,exact_USW,200,21.2625,DFrFT-NOMP,X,0.939097,1.49285,10.2847,6.73203,89.5,,,,,,,
2026-03-28 12:30:00,Fig3,NMSE_vs_NRF,compression_sweep,64,8,64,3,10,N_RF,8,exact_USW,200,21.2625,BF-SOMP,X,-1.71901,2.60752,10.4941,7.36034,94,,,,,,,
2026-03-28 12:30:09,Fig3,NMSE_vs_NRF,compression_sweep,64,16,64,3,10,N_RF,16,exact_USW,200,21.2625,CL-KL,R_hat,-10.3102,2.67615,4.14172,13.8357,87.5,,143.355,6.5,0.0947222,,,
2026-03-28 12:30:09,Fig3,NMSE_vs_NRF,compression_sweep,64,16,64,3,10,N_RF,16,exact_USW,200,21.2625,P-SOMP,R_hat,-9.86114,2.58064,3.41569,6.36413,80.5,,,,,,,
2026-03-28 12:30:09,Fig3,NMSE_vs_NRF,compression_sweep,64,16,64,3,10,N_RF,16,exact_USW,200,21.2625,DL-OMP,X,-5.94713,3.86599,4.90659,4.75048,55.5,,,,,,,
2026-03-28 12:30:09,Fig3,NMSE_vs_NRF,compression_sweep,64,16,64,3,10,N_RF,16,exact_USW,200,21.2625,MUSIC+Tri,X,-4.27389,3.28027,5.66603,5.36388,56,,,,,,,
2026-03-28 12:30:09,Fig3,NMSE_vs_NRF,compression_sweep,64,16,64,3,10,N_RF,16,exact_USW,200,21.2625,DFrFT-NOMP,X,-0.140215,0.945297,11.0542,6.98858,95,,,,,,,
2026-03-28 12:30:09,Fig3,NMSE_vs_NRF,compression_sweep,64,16,64,3,10,N_RF,16,exact_USW,200,21.2625,BF-SOMP,X,-5.96371,3.60677,6.86482,6.71248,93,,,,,,,
2026-03-28 12:30:16,Fig4,NMSE_vs_N,snapshot_sweep,64,8,16,3,10,N,16,exact_USW,200,21.2625,CL-KL,R_hat,-4.96203,3.3265,7.93857,16.3673,97.5,,125.77,21.5,0.0789289,,,
2026-03-28 12:30:16,Fig4,NMSE_vs_N,snapshot_sweep,64,8,16,3,10,N,16,exact_USW,200,21.2625,P-SOMP,R_hat,-3.9041,3.33743,8.15924,7.26279,91,,,,,,,
2026-03-28 12:30:16,Fig4,NMSE_vs_N,snapshot_sweep,64,8,16,3,10,N,16,exact_USW,200,21.2625,DL-OMP,X,-4.48133,3.46722,5.46528,5.40455,64.5,,,,,,,
2026-03-28 12:30:16,Fig4,NMSE_vs_N,snapshot_sweep,64,8,16,3,10,N,16,exact_USW,200,21.2625,MUSIC+Tri,X,-1.54361,2.72408,9.77276,7.06292,82.5,,,,,,,
2026-03-28 12:30:16,Fig4,NMSE_vs_N,snapshot_sweep,64,8,16,3,10,N,16,exact_USW,200,21.2625,DFrFT-NOMP,X,0.984919,1.14618,10.9154,6.9049,96,,,,,,,
2026-03-28 12:30:16,Fig4,NMSE_vs_N,snapshot_sweep,64,8,16,3,10,N,16,exact_USW,200,21.2625,BF-SOMP,X,-1.77478,2.5762,10.1376,7.54495,97.5,,,,,,,
2026-03-28 12:30:22,Fig4,NMSE_vs_N,snapshot_sweep,64,8,32,3,10,N,32,exact_USW,200,21.2625,CL-KL,R_hat,-4.70162,3.02445,7.40492,17.1149,97,,123.485,23,0.0889702,,,
2026-03-28 12:30:22,Fig4,NMSE_vs_N,snapshot_sweep,64,8,32,3,10,N,32,exact_USW,200,21.2625,P-SOMP,R_hat,-3.51405,3.02117,7.96622,7.41441,93,,,,,,,
2026-03-28 12:30:22,Fig4,NMSE_vs_N,snapshot_sweep,64,8,32,3,10,N,32,exact_USW,200,21.2625,DL-OMP,X,-4.01151,3.54762,5.40115,5.74084,66,,,,,,,
2026-03-28 12:30:22,Fig4,NMSE_vs_N,snapshot_sweep,64,8,32,3,10,N,32,exact_USW,200,21.2625,MUSIC+Tri,X,-2.20489,2.78568,7.27054,6.60985,67.5,,,,,,,
2026-03-28 12:30:22,Fig4,NMSE_vs_N,snapshot_sweep,64,8,32,3,10,N,32,exact_USW,200,21.2625,DFrFT-NOMP,X,0.796651,1.56932,10.0655,7.5129,93.5,,,,,,,
2026-03-28 12:30:22,Fig4,NMSE_vs_N,snapshot_sweep,64,8,32,3,10,N,32,exact_USW,200,21.2625,BF-SOMP,X,-1.56148,2.4728,10.4507,7.60824,96,,,,,,,
2026-03-28 12:30:28,Fig4,NMSE_vs_N,snapshot_sweep,64,8,64,3,10,N,64,exact_USW,200,21.2625,CL-KL,R_hat,-5.10591,3.22859,7.23898,16.514,96.5,,131.085,17.5,0.0948243,,,
2026-03-28 12:30:28,Fig4,NMSE_vs_N,snapshot_sweep,64,8,64,3,10,N,64,exact_USW,200,21.2625,P-SOMP,R_hat,-3.94507,3.09851,8.29455,7.17437,90,,,,,,,
2026-03-28 12:30:28,Fig4,NMSE_vs_N,snapshot_sweep,64,8,64,3,10,N,64,exact_USW,200,21.2625,DL-OMP,X,-5.02443,3.67525,4.41747,4.76844,51.5,,,,,,,
2026-03-28 12:30:28,Fig4,NMSE_vs_N,snapshot_sweep,64,8,64,3,10,N,64,exact_USW,200,21.2625,MUSIC+Tri,X,-2.93285,2.9862,6.3764,5.36404,54.5,,,,,,,
2026-03-28 12:30:28,Fig4,NMSE_vs_N,snapshot_sweep,64,8,64,3,10,N,64,exact_USW,200,21.2625,DFrFT-NOMP,X,1.06439,1.28389,10.7012,7.16796,93.5,,,,,,,
2026-03-28 12:30:28,Fig4,NMSE_vs_N,snapshot_sweep,64,8,64,3,10,N,64,exact_USW,200,21.2625,BF-SOMP,X,-1.66156,2.2214,10.0218,7.74811,95.5,,,,,,,
2026-03-28 12:30:34,Fig4,NMSE_vs_N,snapshot_sweep,64,8,128,3,10,N,128,exact_USW,200,21.2625,CL-KL,R_hat,-4.47662,3.02783,7.38312,16.8922,97,,121.645,24.5,0.0969647,,,
2026-03-28 12:30:34,Fig4,NMSE_vs_N,snapshot_sweep,64,8,128,3,10,N,128,exact_USW,200,21.2625,P-SOMP,R_hat,-4.07475,3.25882,7.57768,7.27167,92.5,,,,,,,
2026-03-28 12:30:34,Fig4,NMSE_vs_N,snapshot_sweep,64,8,128,3,10,N,128,exact_USW,200,21.2625,DL-OMP,X,-4.3742,3.72259,4.6053,4.81226,52,,,,,,,
2026-03-28 12:30:34,Fig4,NMSE_vs_N,snapshot_sweep,64,8,128,3,10,N,128,exact_USW,200,21.2625,MUSIC+Tri,X,-3.33154,2.80785,4.94064,4.91103,54,,,,,,,
2026-03-28 12:30:34,Fig4,NMSE_vs_N,snapshot_sweep,64,8,128,3,10,N,128,exact_USW,200,21.2625,DFrFT-NOMP,X,0.953758,1.20463,10.3855,7.76713,96.5,,,,,,,
2026-03-28 12:30:34,Fig4,NMSE_vs_N,snapshot_sweep,64,8,128,3,10,N,128,exact_USW,200,21.2625,BF-SOMP,X,-1.83464,2.67513,10.1498,7.63498,94,,,,,,,
2026-03-28 12:30:46,Fig5,NearFar_transition,robustness_sweep,64,8,64,3,10,r_max_over_rRD,0.1,exact_USW,400,21.2625,CL-KL,R_hat,-4.16858,2.71613,7.05049,1.02387,67.75,,108.185,36,0.0947593,,,
2026-03-28 12:30:46,Fig5,NearFar_transition,robustness_sweep,64,8,64,3,10,r_max_over_rRD,0.1,exact_USW,400,21.2625,P-SOMP,R_hat,-4.45606,3.04764,5.96804,0.395678,31.25,,,,,,,
2026-03-28 12:30:46,Fig5,NearFar_transition,robustness_sweep,64,8,64,3,10,r_max_over_rRD,0.1,exact_USW,400,21.2625,DL-OMP,X,-4.18187,3.68872,4.57985,0.273597,19,,,,,,,
2026-03-28 12:30:46,Fig5,NearFar_transition,robustness_sweep,64,8,64,3,10,r_max_over_rRD,0.1,exact_USW,400,21.2625,MUSIC+Tri,X,0.621767,1.50254,8.86126,0.483458,53.5,,,,,,,
2026-03-28 12:30:46,Fig5,NearFar_transition,robustness_sweep,64,8,64,3,10,r_max_over_rRD,0.1,exact_USW,400,21.2625,DFrFT-NOMP,X,0.95433,1.35681,9.65,0.417581,38,,,,,,,
2026-03-28 12:30:46,Fig5,NearFar_transition,robustness_sweep,64,8,64,3,10,r_max_over_rRD,0.1,exact_USW,400,21.2625,BF-SOMP,X,-2.22213,2.60709,8.3198,0.421911,47.75,,,,,,,
2026-03-28 12:30:58,Fig5,NearFar_transition,robustness_sweep,64,8,64,3,10,r_max_over_rRD,0.2,exact_USW,400,21.2625,CL-KL,R_hat,-4.45433,2.84732,6.87423,2.37986,77.75,,115.77,30,0.0950907,,,
2026-03-28 12:30:58,Fig5,NearFar_transition,robustness_sweep,64,8,64,3,10,r_max_over_rRD,0.2,exact_USW,400,21.2625,P-SOMP,R_hat,-4.25124,3.01609,6.8912,1.06218,61.5,,,,,,,
2026-03-28 12:30:58,Fig5,NearFar_transition,robustness_sweep,64,8,64,3,10,r_max_over_rRD,0.2,exact_USW,400,21.2625,DL-OMP,X,-4.55009,3.76683,4.49824,0.733115,34.5,,,,,,,
2026-03-28 12:30:58,Fig5,NearFar_transition,robustness_sweep,64,8,64,3,10,r_max_over_rRD,0.2,exact_USW,400,21.2625,MUSIC+Tri,X,-0.223546,1.90517,6.67563,0.799471,47.25,,,,,,,
2026-03-28 12:30:58,Fig5,NearFar_transition,robustness_sweep,64,8,64,3,10,r_max_over_rRD,0.2,exact_USW,400,21.2625,DFrFT-NOMP,X,1.01847,1.32363,10.0392,1.19089,74,,,,,,,
2026-03-28 12:30:58,Fig5,NearFar_transition,robustness_sweep,64,8,64,3,10,r_max_over_rRD,0.2,exact_USW,400,21.2625,BF-SOMP,X,-1.76947,2.21751,10.1634,1.15662,77,,,,,,,
2026-03-28 12:31:11,Fig5,NearFar_transition,robustness_sweep,64,8,64,3,10,r_max_over_rRD,0.3,exact_USW,400,21.2625,CL-KL,R_hat,-4.52541,3.09047,7.14508,3.82059,83,,113.037,34,0.0954287,,,
2026-03-28 12:31:11,Fig5,NearFar_transition,robustness_sweep,64,8,64,3,10,r_max_over_rRD,0.3,exact_USW,400,21.2625,P-SOMP,R_hat,-4.03477,3.17737,6.9891,1.75511,72,,,,,,,
2026-03-28 12:31:11,Fig5,NearFar_transition,robustness_sweep,64,8,64,3,10,r_max_over_rRD,0.3,exact_USW,400,21.2625,DL-OMP,X,-4.65867,3.63617,5.1013,1.20024,43.75,,,,,,,
2026-03-28 12:31:11,Fig5,NearFar_transition,robustness_sweep,64,8,64,3,10,r_max_over_rRD,0.3,exact_USW,400,21.2625,MUSIC+Tri,X,-0.469283,2.08644,5.78558,1.12927,44.25,,,,,,,
2026-03-28 12:31:11,Fig5,NearFar_transition,robustness_sweep,64,8,64,3,10,r_max_over_rRD,0.3,exact_USW,400,21.2625,DFrFT-NOMP,X,0.886125,1.29049,10.4396,1.93726,84.75,,,,,,,
2026-03-28 12:31:11,Fig5,NearFar_transition,robustness_sweep,64,8,64,3,10,r_max_over_rRD,0.3,exact_USW,400,21.2625,BF-SOMP,X,-1.89461,2.45613,9.95164,1.88725,86,,,,,,,
2026-03-28 12:31:22,Fig5,NearFar_transition,robustness_sweep,64,8,64,3,10,r_max_over_rRD,0.5,exact_USW,400,21.2625,CL-KL,R_hat,-4.63527,2.89915,7.81215,7.49544,93,,119.123,28.5,0.0948748,,,
2026-03-28 12:31:22,Fig5,NearFar_transition,robustness_sweep,64,8,64,3,10,r_max_over_rRD,0.5,exact_USW,400,21.2625,P-SOMP,R_hat,-3.59329,2.89264,7.79857,3.37731,87.75,,,,,,,
2026-03-28 12:31:22,Fig5,NearFar_transition,robustness_sweep,64,8,64,3,10,r_max_over_rRD,0.5,exact_USW,400,21.2625,DL-OMP,X,-4.57272,3.67271,4.83306,2.26688,49,,,,,,,
2026-03-28 12:31:22,Fig5,NearFar_transition,robustness_sweep,64,8,64,3,10,r_max_over_rRD,0.5,exact_USW,400,21.2625,MUSIC+Tri,X,-1.55693,2.08943,6.20957,2.23737,49.75,,,,,,,
2026-03-28 12:31:22,Fig5,NearFar_transition,robustness_sweep,64,8,64,3,10,r_max_over_rRD,0.5,exact_USW,400,21.2625,DFrFT-NOMP,X,0.90717,1.15811,10.5282,3.60394,94,,,,,,,
2026-03-28 12:31:22,Fig5,NearFar_transition,robustness_sweep,64,8,64,3,10,r_max_over_rRD,0.5,exact_USW,400,21.2625,BF-SOMP,X,-1.75198,2.23662,10.1589,3.49955,92,,,,,,,
2026-03-28 12:31:35,Fig5,NearFar_transition,robustness_sweep,64,8,64,3,10,r_max_over_rRD,0.7,exact_USW,400,21.2625,CL-KL,R_hat,-4.7,2.95624,7.25566,10.8312,95.25,,122.028,25.25,0.0947437,,,
2026-03-28 12:31:35,Fig5,NearFar_transition,robustness_sweep,64,8,64,3,10,r_max_over_rRD,0.7,exact_USW,400,21.2625,P-SOMP,R_hat,-4.09817,3.14295,8.17719,4.90866,89.25,,,,,,,
2026-03-28 12:31:35,Fig5,NearFar_transition,robustness_sweep,64,8,64,3,10,r_max_over_rRD,0.7,exact_USW,400,21.2625,DL-OMP,X,-4.85796,3.79055,4.70102,3.41121,50.75,,,,,,,
2026-03-28 12:31:35,Fig5,NearFar_transition,robustness_sweep,64,8,64,3,10,r_max_over_rRD,0.7,exact_USW,400,21.2625,MUSIC+Tri,X,-2.14762,2.6178,6.01032,3.47106,50.75,,,,,,,
2026-03-28 12:31:35,Fig5,NearFar_transition,robustness_sweep,64,8,64,3,10,r_max_over_rRD,0.7,exact_USW,400,21.2625,DFrFT-NOMP,X,1.01649,1.43076,10.2772,4.99726,93.25,,,,,,,
2026-03-28 12:31:35,Fig5,NearFar_transition,robustness_sweep,64,8,64,3,10,r_max_over_rRD,0.7,exact_USW,400,21.2625,BF-SOMP,X,-1.70401,2.15438,9.97206,5.13707,92.5,,,,,,,
2026-03-28 12:31:48,Fig5,NearFar_transition,robustness_sweep,64,8,64,3,10,r_max_over_rRD,1,exact_USW,400,21.2625,CL-KL,R_hat,-5.19575,3.11946,7.59809,16.4866,97.5,,128.86,19.25,0.0949354,,,
2026-03-28 12:31:48,Fig5,NearFar_transition,robustness_sweep,64,8,64,3,10,r_max_over_rRD,1,exact_USW,400,21.2625,P-SOMP,R_hat,-4.38245,3.34878,7.60399,7.2567,88.75,,,,,,,
2026-03-28 12:31:48,Fig5,NearFar_transition,robustness_sweep,64,8,64,3,10,r_max_over_rRD,1,exact_USW,400,21.2625,DL-OMP,X,-4.77713,3.58732,5.10625,4.91155,55.25,,,,,,,
2026-03-28 12:31:48,Fig5,NearFar_transition,robustness_sweep,64,8,64,3,10,r_max_over_rRD,1,exact_USW,400,21.2625,MUSIC+Tri,X,-3.21735,2.88516,5.05648,4.91802,48.25,,,,,,,
2026-03-28 12:31:48,Fig5,NearFar_transition,robustness_sweep,64,8,64,3,10,r_max_over_rRD,1,exact_USW,400,21.2625,DFrFT-NOMP,X,0.892942,1.29079,11.014,7.33918,95.5,,,,,,,
2026-03-28 12:31:48,Fig5,NearFar_transition,robustness_sweep,64,8,64,3,10,r_max_over_rRD,1,exact_USW,400,21.2625,BF-SOMP,X,-1.98284,2.48193,10.3932,7.48053,95.75,,,,,,,
2026-03-28 12:32:00,Fig5,NearFar_transition,robustness_sweep,64,8,64,3,10,r_max_over_rRD,1.5,exact_USW,400,21.2625,CL-KL,R_hat,-5.35389,3.18464,6.49451,26.0589,98.25,,131.132,17.75,0.0947194,,,
2026-03-28 12:32:00,Fig5,NearFar_transition,robustness_sweep,64,8,64,3,10,r_max_over_rRD,1.5,exact_USW,400,21.2625,P-SOMP,R_hat,-4.16309,3.25421,8.08843,11.1186,91.25,,,,,,,
2026-03-28 12:32:00,Fig5,NearFar_transition,robustness_sweep,64,8,64,3,10,r_max_over_rRD,1.5,exact_USW,400,21.2625,DL-OMP,X,-5.05595,3.77362,4.95475,7.38283,53.5,,,,,,,
2026-03-28 12:32:00,Fig5,NearFar_transition,robustness_sweep,64,8,64,3,10,r_max_over_rRD,1.5,exact_USW,400,21.2625,MUSIC+Tri,X,-4.29742,3.31318,5.2922,8.40952,52.25,,,,,,,
2026-03-28 12:32:00,Fig5,NearFar_transition,robustness_sweep,64,8,64,3,10,r_max_over_rRD,1.5,exact_USW,400,21.2625,DFrFT-NOMP,X,1.00043,1.35015,10.5424,11.6672,95.5,,,,,,,
2026-03-28 12:32:00,Fig5,NearFar_transition,robustness_sweep,64,8,64,3,10,r_max_over_rRD,1.5,exact_USW,400,21.2625,BF-SOMP,X,-1.93326,2.63222,9.91922,11.6958,95.25,,,,,,,
2026-03-28 12:32:13,Fig5,NearFar_transition,robustness_sweep,64,8,64,3,10,r_max_over_rRD,2,exact_USW,400,21.2625,CL-KL,R_hat,-5.56124,3.37801,6.77787,36.0229,98,,135.243,14.5,0.0947281,,,
2026-03-28 12:32:13,Fig5,NearFar_transition,robustness_sweep,64,8,64,3,10,r_max_over_rRD,2,exact_USW,400,21.2625,P-SOMP,R_hat,-4.06698,3.1835,8.19735,15.3654,95.25,,,,,,,
2026-03-28 12:32:13,Fig5,NearFar_transition,robustness_sweep,64,8,64,3,10,r_max_over_rRD,2,exact_USW,400,21.2625,DL-OMP,X,-5.26211,3.857,4.29014,10.7226,57.5,,,,,,,
2026-03-28 12:32:13,Fig5,NearFar_transition,robustness_sweep,64,8,64,3,10,r_max_over_rRD,2,exact_USW,400,21.2625,MUSIC+Tri,X,-4.51309,3.72871,5.77853,12.0291,60.75,,,,,,,
2026-03-28 12:32:13,Fig5,NearFar_transition,robustness_sweep,64,8,64,3,10,r_max_over_rRD,2,exact_USW,400,21.2625,DFrFT-NOMP,X,0.872883,1.38243,10.5008,15.6955,96.5,,,,,,,
2026-03-28 12:32:13,Fig5,NearFar_transition,robustness_sweep,64,8,64,3,10,r_max_over_rRD,2,exact_USW,400,21.2625,BF-SOMP,X,-1.80012,2.5953,10.387,16.3123,98.25,,,,,,,
2026-03-28 12:32:25,Fig5,NearFar_transition,robustness_sweep,64,8,64,3,10,r_max_over_rRD,3,exact_USW,400,21.2625,CL-KL,R_hat,-5.41141,3.20987,6.85436,54.2165,99.5,,133.583,15.5,0.0945975,,,
2026-03-28 12:32:25,Fig5,NearFar_transition,robustness_sweep,64,8,64,3,10,r_max_over_rRD,3,exact_USW,400,21.2625,P-SOMP,R_hat,-4.07111,3.22972,8.3859,23.5963,94.75,,,,,,,
2026-03-28 12:32:25,Fig5,NearFar_transition,robustness_sweep,64,8,64,3,10,r_max_over_rRD,3,exact_USW,400,21.2625,DL-OMP,X,-4.96575,3.80371,4.89087,17.1824,64.25,,,,,,,
2026-03-28 12:32:25,Fig5,NearFar_transition,robustness_sweep,64,8,64,3,10,r_max_over_rRD,3,exact_USW,400,21.2625,MUSIC+Tri,X,-4.83837,4.15625,6.92485,19.6298,65.75,,,,,,,
2026-03-28 12:32:25,Fig5,NearFar_transition,robustness_sweep,64,8,64,3,10,r_max_over_rRD,3,exact_USW,400,21.2625,DFrFT-NOMP,X,0.839197,1.34548,10.5062,22.2235,96.5,,,,,,,
2026-03-28 12:32:25,Fig5,NearFar_transition,robustness_sweep,64,8,64,3,10,r_max_over_rRD,3,exact_USW,400,21.2625,BF-SOMP,X,-1.93101,2.68659,10.1381,24.0489,97.5,,,,,,,
2026-03-28 12:32:37,Fig5,NearFar_transition,robustness_sweep,64,8,64,3,10,r_max_over_rRD,5,exact_USW,400,21.2625,CL-KL,R_hat,-5.36021,3.24242,7.14266,94.839,100,,131.75,17,0.0943636,,,
2026-03-28 12:32:37,Fig5,NearFar_transition,robustness_sweep,64,8,64,3,10,r_max_over_rRD,5,exact_USW,400,21.2625,P-SOMP,R_hat,-4.13855,3.21828,8.21711,40.0501,95.5,,,,,,,
2026-03-28 12:32:37,Fig5,NearFar_transition,robustness_sweep,64,8,64,3,10,r_max_over_rRD,5,exact_USW,400,21.2625,DL-OMP,X,-4.79569,3.67775,4.96716,35.7727,72.25,,,,,,,
2026-03-28 12:32:37,Fig5,NearFar_transition,robustness_sweep,64,8,64,3,10,r_max_over_rRD,5,exact_USW,400,21.2625,MUSIC+Tri,X,-4.94442,4.32641,7.09438,35.6636,74,,,,,,,
2026-03-28 12:32:37,Fig5,NearFar_transition,robustness_sweep,64,8,64,3,10,r_max_over_rRD,5,exact_USW,400,21.2625,DFrFT-NOMP,X,1.00752,1.39052,10.7434,39.2906,97.75,,,,,,,
2026-03-28 12:32:37,Fig5,NearFar_transition,robustness_sweep,64,8,64,3,10,r_max_over_rRD,5,exact_USW,400,21.2625,BF-SOMP,X,-1.79862,2.30189,10.3054,41.5925,97.5,,,,,,,
2026-03-28 12:32:43,Fig6,Runtime_vs_M,scaling,32,8,64,3,10,M,32,exact_USW,50,5.14821,CL-KL,R_hat,-5.76986,,7.50257,3.76934,94,0.0633721,101.9,40,0.0952381,,,
2026-03-28 12:32:43,Fig6,Runtime_vs_M,scaling,32,8,64,3,10,M,32,exact_USW,50,5.14821,P-SOMP,R_hat,-5.33506,,7.7658,1.84959,90,0.00399843,,,,,,
2026-03-28 12:32:43,Fig6,Runtime_vs_M,scaling,32,8,64,3,10,M,32,exact_USW,50,5.14821,DL-OMP,X,-6.79225,,4.10916,1.1861,44,0.00146485,,,,,,
2026-03-28 12:32:43,Fig6,Runtime_vs_M,scaling,32,8,64,3,10,M,32,exact_USW,50,5.14821,DFrFT-NOMP,X,-0.478324,,10.6131,2.08946,100,0.00178564,,,,,,
2026-03-28 12:32:43,Fig6,Runtime_vs_M,scaling,32,8,64,3,10,M,32,exact_USW,50,5.14821,BF-SOMP,X,-4.29309,,8.64925,1.92788,94,0.00406971,,,,,,
2026-03-28 12:32:47,Fig6,Runtime_vs_M,scaling,64,8,64,3,10,M,64,exact_USW,50,21.2625,CL-KL,R_hat,-3.99704,,8.43846,16.3586,100,0.078274,126.22,20,0.0954426,,,
2026-03-28 12:32:47,Fig6,Runtime_vs_M,scaling,64,8,64,3,10,M,64,exact_USW,50,21.2625,P-SOMP,R_hat,-3.96405,,8.71329,6.92192,90,0.0050627,,,,,,
2026-03-28 12:32:47,Fig6,Runtime_vs_M,scaling,64,8,64,3,10,M,64,exact_USW,50,21.2625,DL-OMP,X,-4.54868,,5.44435,4.97689,46,0.00157655,,,,,,
2026-03-28 12:32:47,Fig6,Runtime_vs_M,scaling,64,8,64,3,10,M,64,exact_USW,50,21.2625,DFrFT-NOMP,X,0.89961,,10.4958,7.05611,100,0.00273237,,,,,,
2026-03-28 12:32:47,Fig6,Runtime_vs_M,scaling,64,8,64,3,10,M,64,exact_USW,50,21.2625,BF-SOMP,X,-1.93145,,10.1764,7.89186,96,0.00532773,,,,,,
2026-03-28 12:32:52,Fig6,Runtime_vs_M,scaling,128,8,64,3,10,M,128,exact_USW,50,86.4054,CL-KL,R_hat,-4.24777,,6.7976,70.0165,100,0.0748016,131.48,16,0.0939052,,,
2026-03-28 12:32:52,Fig6,Runtime_vs_M,scaling,128,8,64,3,10,M,128,exact_USW,50,86.4054,P-SOMP,R_hat,-2.61269,,8.02249,28.0067,84,0.00730625,,,,,,
2026-03-28 12:32:52,Fig6,Runtime_vs_M,scaling,128,8,64,3,10,M,128,exact_USW,50,86.4054,DL-OMP,X,-3.97199,,5.60338,17.6048,48,0.00277951,,,,,,
2026-03-28 12:32:52,Fig6,Runtime_vs_M,scaling,128,8,64,3,10,M,128,exact_USW,50,86.4054,DFrFT-NOMP,X,1.50741,,9.51079,29.6498,90,0.00690598,,,,,,
2026-03-28 12:32:52,Fig6,Runtime_vs_M,scaling,128,8,64,3,10,M,128,exact_USW,50,86.4054,BF-SOMP,X,-0.527276,,10.0665,29.978,90,0.0080285,,,,,,
2026-03-28 12:32:58,Fig6,Runtime_vs_M,scaling,256,8,64,3,10,M,256,exact_USW,50,348.348,CL-KL,R_hat,-3.52782,,8.24892,263.292,98,0.072348,117.76,30,0.0948962,,,
2026-03-28 12:32:58,Fig6,Runtime_vs_M,scaling,256,8,64,3,10,M,256,exact_USW,50,348.348,P-SOMP,R_hat,-1.61456,,9.42372,120.743,90,0.010781,,,,,,
2026-03-28 12:32:58,Fig6,Runtime_vs_M,scaling,256,8,64,3,10,M,256,exact_USW,50,348.348,DL-OMP,X,-2.82409,,7.78941,110.645,72,0.00738868,,,,,,
2026-03-28 12:32:58,Fig6,Runtime_vs_M,scaling,256,8,64,3,10,M,256,exact_USW,50,348.348,DFrFT-NOMP,X,2.04181,,11.7317,117.186,100,0.0136904,,,,,,
2026-03-28 12:32:58,Fig6,Runtime_vs_M,scaling,256,8,64,3,10,M,256,exact_USW,50,348.348,BF-SOMP,X,-0.270456,,12.3116,119.475,96,0.0141038,,,,,,
2026-03-28 12:33:02,Fig7,Robustness_USW_mismatch,mismatch_robustness,64,8,64,3,-15,SNR_dB,-15,exact_USW,400,21.2625,CL-KL (Fresnel est.),X,10.1929,1.27659,11.8254,14.4619,99.5,,6,100,25.0138,,,
2026-03-28 12:33:02,Fig7,Robustness_USW_mismatch,mismatch_robustness,64,8,64,3,-15,SNR_dB,-15,exact_USW,400,21.2625,P-SOMP (Fresnel est.),X,9.8909,0.753679,12.1424,8.16224,96.75,,,,,,,
2026-03-28 12:33:02,Fig7,Robustness_USW_mismatch,mismatch_robustness,64,8,64,3,-15,SNR_dB,-15,exact_USW,400,21.2625,DL-OMP (Fresnel est.),X,12.2953,1.59439,7.0757,9.30158,94.75,,,,,,,
2026-03-28 12:33:02,Fig7,Robustness_USW_mismatch,mismatch_robustness,64,8,64,3,-15,SNR_dB,-15,exact_USW,400,21.2625,DFrFT-NOMP (Fresnel est.),X,11.423,2.17423,16.0975,7.55715,96.75,,,,,,,
2026-03-28 12:33:02,Fig7,Robustness_USW_mismatch,mismatch_robustness,64,8,64,3,-15,SNR_dB,-15,exact_USW,400,21.2625,BF-SOMP (Fresnel est.),X,12.415,1.25798,15.4075,9.5481,95.5,,,,,,,
2026-03-28 12:33:04,Fig7,Robustness_USW_mismatch,mismatch_robustness,64,8,64,3,-10,SNR_dB,-10,exact_USW,400,21.2625,CL-KL (Fresnel est.),X,5.74608,0.857386,10.7049,15.3793,100,,7.435,100,8.25374,,,
2026-03-28 12:33:04,Fig7,Robustness_USW_mismatch,mismatch_robustness,64,8,64,3,-10,SNR_dB,-10,exact_USW,400,21.2625,P-SOMP (Fresnel est.),X,5.61141,0.645094,11.5694,7.92347,95.75,,,,,,,
2026-03-28 12:33:04,Fig7,Robustness_USW_mismatch,mismatch_robustness,64,8,64,3,-10,SNR_dB,-10,exact_USW,400,21.2625,DL-OMP (Fresnel est.),X,7.37404,1.68086,6.12484,7.61679,82.25,,,,,,,
2026-03-28 12:33:04,Fig7,Robustness_USW_mismatch,mismatch_robustness,64,8,64,3,-10,SNR_dB,-10,exact_USW,400,21.2625,DFrFT-NOMP (Fresnel est.),X,7.39781,1.90173,15.1661,7.50828,96.75,,,,,,,
2026-03-28 12:33:04,Fig7,Robustness_USW_mismatch,mismatch_robustness,64,8,64,3,-10,SNR_dB,-10,exact_USW,400,21.2625,BF-SOMP (Fresnel est.),X,8.07577,1.14057,14.5511,9.20689,96.25,,,,,,,
2026-03-28 12:33:06,Fig7,Robustness_USW_mismatch,mismatch_robustness,64,8,64,3,-5,SNR_dB,-5,exact_USW,400,21.2625,CL-KL (Fresnel est.),X,2.00786,1.04511,10.2993,16.2365,99.25,,9.57,100,2.77448,,,
2026-03-28 12:33:06,Fig7,Robustness_USW_mismatch,mismatch_robustness,64,8,64,3,-5,SNR_dB,-5,exact_USW,400,21.2625,P-SOMP (Fresnel est.),X,2.14982,0.808537,10.7737,7.82942,95.75,,,,,,,
2026-03-28 12:33:06,Fig7,Robustness_USW_mismatch,mismatch_robustness,64,8,64,3,-5,SNR_dB,-5,exact_USW,400,21.2625,DL-OMP (Fresnel est.),X,2.95866,1.73673,5.21187,6.49521,72,,,,,,,
2026-03-28 12:33:06,Fig7,Robustness_USW_mismatch,mismatch_robustness,64,8,64,3,-5,SNR_dB,-5,exact_USW,400,21.2625,DFrFT-NOMP (Fresnel est.),X,4.44958,1.43121,14.3592,7.15306,97,,,,,,,
2026-03-28 12:33:06,Fig7,Robustness_USW_mismatch,mismatch_robustness,64,8,64,3,-5,SNR_dB,-5,exact_USW,400,21.2625,BF-SOMP (Fresnel est.),X,4.31609,1.11033,14.0839,8.90241,96.25,,,,,,,
2026-03-28 12:33:09,Fig7,Robustness_USW_mismatch,mismatch_robustness,64,8,64,3,0,SNR_dB,0,exact_USW,400,21.2625,CL-KL (Fresnel est.),X,-1.08136,1.53425,9.09514,16.789,98.75,,12.2725,100,0.916433,,,
2026-03-28 12:33:09,Fig7,Robustness_USW_mismatch,mismatch_robustness,64,8,64,3,0,SNR_dB,0,exact_USW,400,21.2625,P-SOMP (Fresnel est.),X,-0.641616,1.43962,9.55918,7.31858,93.75,,,,,,,
2026-03-28 12:33:09,Fig7,Robustness_USW_mismatch,mismatch_robustness,64,8,64,3,0,SNR_dB,0,exact_USW,400,21.2625,DL-OMP (Fresnel est.),X,-0.739066,2.07528,4.87467,5.50731,61.5,,,,,,,
2026-03-28 12:33:09,Fig7,Robustness_USW_mismatch,mismatch_robustness,64,8,64,3,0,SNR_dB,0,exact_USW,400,21.2625,DFrFT-NOMP (Fresnel est.),X,2.48814,1.13858,12.4966,7.46463,96.75,,,,,,,
2026-03-28 12:33:09,Fig7,Robustness_USW_mismatch,mismatch_robustness,64,8,64,3,0,SNR_dB,0,exact_USW,400,21.2625,BF-SOMP (Fresnel est.),X,0.693473,1.26903,11.0634,7.57584,97,,,,,,,
2026-03-28 12:33:12,Fig7,Robustness_USW_mismatch,mismatch_robustness,64,8,64,3,5,SNR_dB,5,exact_USW,400,21.2625,CL-KL (Fresnel est.),X,-3.74976,2.43278,8.02567,17.2035,98.25,,18.0925,100,0.297338,,,
2026-03-28 12:33:12,Fig7,Robustness_USW_mismatch,mismatch_robustness,64,8,64,3,5,SNR_dB,5,exact_USW,400,21.2625,P-SOMP (Fresnel est.),X,-2.70887,2.35058,8.97077,7.40621,94.5,,,,,,,
2026-03-28 12:33:12,Fig7,Robustness_USW_mismatch,mismatch_robustness,64,8,64,3,5,SNR_dB,5,exact_USW,400,21.2625,DL-OMP (Fresnel est.),X,-3.26523,2.97127,5.08182,5.11936,57.5,,,,,,,
2026-03-28 12:33:12,Fig7,Robustness_USW_mismatch,mismatch_robustness,64,8,64,3,5,SNR_dB,5,exact_USW,400,21.2625,DFrFT-NOMP (Fresnel est.),X,1.35411,1.35803,11.0719,7.44009,96.5,,,,,,,
2026-03-28 12:33:12,Fig7,Robustness_USW_mismatch,mismatch_robustness,64,8,64,3,5,SNR_dB,5,exact_USW,400,21.2625,BF-SOMP (Fresnel est.),X,-0.674478,1.73013,10.8893,7.56398,96.25,,,,,,,
2026-03-28 12:33:25,Fig7,Robustness_USW_mismatch,mismatch_robustness,64,8,64,3,10,SNR_dB,10,exact_USW,400,21.2625,CL-KL (Fresnel est.),X,-4.98494,3.01801,7.25046,17.0786,97,,127.293,22.25,0.0941319,,,
2026-03-28 12:33:25,Fig7,Robustness_USW_mismatch,mismatch_robustness,64,8,64,3,10,SNR_dB,10,exact_USW,400,21.2625,P-SOMP (Fresnel est.),X,-4.02662,3.12316,7.65949,7.39208,89,,,,,,,
2026-03-28 12:33:25,Fig7,Robustness_USW_mismatch,mismatch_robustness,64,8,64,3,10,SNR_dB,10,exact_USW,400,21.2625,DL-OMP (Fresnel est.),X,-4.99063,3.75988,4.33804,4.95119,48.5,,,,,,,
2026-03-28 12:33:25,Fig7,Robustness_USW_mismatch,mismatch_robustness,64,8,64,3,10,SNR_dB,10,exact_USW,400,21.2625,DFrFT-NOMP (Fresnel est.),X,0.845695,1.46439,10.3819,7.56763,95.75,,,,,,,
2026-03-28 12:33:25,Fig7,Robustness_USW_mismatch,mismatch_robustness,64,8,64,3,10,SNR_dB,10,exact_USW,400,21.2625,BF-SOMP (Fresnel est.),X,-1.78369,2.45624,10.4846,7.56782,95,,,,,,,
2026-03-28 12:33:38,Fig7,Robustness_USW_mismatch,mismatch_robustness,64,8,64,3,15,SNR_dB,15,exact_USW,400,21.2625,CL-KL (Fresnel est.),X,-5.21964,3.62032,7.39664,16.1581,96,,137.645,12,0.0300893,,,
2026-03-28 12:33:38,Fig7,Robustness_USW_mismatch,mismatch_robustness,64,8,64,3,15,SNR_dB,15,exact_USW,400,21.2625,P-SOMP (Fresnel est.),X,-4.88509,3.64049,7.48863,6.9987,88.25,,,,,,,
2026-03-28 12:33:38,Fig7,Robustness_USW_mismatch,mismatch_robustness,64,8,64,3,15,SNR_dB,15,exact_USW,400,21.2625,DL-OMP (Fresnel est.),X,-5.42621,4.43474,4.9106,4.54183,53.25,,,,,,,
2026-03-28 12:33:38,Fig7,Robustness_USW_mismatch,mismatch_robustness,64,8,64,3,15,SNR_dB,15,exact_USW,400,21.2625,DFrFT-NOMP (Fresnel est.),X,0.810318,1.32272,10.5081,7.39944,93,,,,,,,
2026-03-28 12:33:38,Fig7,Robustness_USW_mismatch,mismatch_robustness,64,8,64,3,15,SNR_dB,15,exact_USW,400,21.2625,BF-SOMP (Fresnel est.),X,-2.56656,3.00474,9.51023,7.69352,96.25,,,,,,,
2026-03-28 12:33:45,Fig7,Robustness_USW_mismatch,mismatch_robustness,64,8,64,3,20,SNR_dB,20,exact_USW,400,21.2625,CL-KL (Fresnel est.),X,-5.2169,4.3907,8.54783,15.7064,95.5,,95.4325,60.75,0.00949639,,,
2026-03-28 12:33:45,Fig7,Robustness_USW_mismatch,mismatch_robustness,64,8,64,3,20,SNR_dB,20,exact_USW,400,21.2625,P-SOMP (Fresnel est.),X,-5.19029,3.94337,7.43574,7.24307,90.5,,,,,,,
2026-03-28 12:33:45,Fig7,Robustness_USW_mismatch,mismatch_robustness,64,8,64,3,20,SNR_dB,20,exact_USW,400,21.2625,DL-OMP (Fresnel est.),X,-6.04171,4.72145,4.78896,4.55574,50.5,,,,,,,
2026-03-28 12:33:45,Fig7,Robustness_USW_mismatch,mismatch_robustness,64,8,64,3,20,SNR_dB,20,exact_USW,400,21.2625,DFrFT-NOMP (Fresnel est.),X,0.760896,1.50373,10.0867,7.59042,96,,,,,,,
2026-03-28 12:33:45,Fig7,Robustness_USW_mismatch,mismatch_robustness,64,8,64,3,20,SNR_dB,20,exact_USW,400,21.2625,BF-SOMP (Fresnel est.),X,-3.15404,3.59782,8.92319,7.44006,93.25,,,,,,,
2026-03-28 12:33:47,Fig7,Robustness_USW_mismatch,mismatch_robustness,64,8,64,3,25,SNR_dB,25,exact_USW,400,21.2625,CL-KL (Fresnel est.),X,-0.895377,2.63658,11.2917,16.4309,98,,22.435,91,0.00299942,,,
2026-03-28 12:33:47,Fig7,Robustness_USW_mismatch,mismatch_robustness,64,8,64,3,25,SNR_dB,25,exact_USW,400,21.2625,P-SOMP (Fresnel est.),X,-5.32203,3.83369,7.72137,7.14798,90,,,,,,,
2026-03-28 12:33:47,Fig7,Robustness_USW_mismatch,mismatch_robustness,64,8,64,3,25,SNR_dB,25,exact_USW,400,21.2625,DL-OMP (Fresnel est.),X,-6.36722,5.27663,4.95256,4.59414,50,,,,,,,
2026-03-28 12:33:47,Fig7,Robustness_USW_mismatch,mismatch_robustness,64,8,64,3,25,SNR_dB,25,exact_USW,400,21.2625,DFrFT-NOMP (Fresnel est.),X,0.74385,1.33341,10.4122,7.23029,92.75,,,,,,,
2026-03-28 12:33:47,Fig7,Robustness_USW_mismatch,mismatch_robustness,64,8,64,3,25,SNR_dB,25,exact_USW,400,21.2625,BF-SOMP (Fresnel est.),X,-3.36238,3.69063,8.75363,7.4004,90,,,,,,,
2026-03-28 12:34:01,Fig8,NMSE_vs_d,vard_sweep,64,8,64,1,10,d,1,exact_USW,400,21.2625,CL-KL,R_hat,-9.81392,4.88284,0.971025,14.7447,70.75,,147.762,2.5,0.0985252,0.0179984,1.41896,
2026-03-28 12:34:01,Fig8,NMSE_vs_d,vard_sweep,64,8,64,1,10,d,1,exact_USW,400,21.2625,P-SOMP,R_hat,-9.62171,5.53536,1.46359,7.19591,51,,,,,,,
2026-03-28 12:34:01,Fig8,NMSE_vs_d,vard_sweep,64,8,64,1,10,d,1,exact_USW,400,21.2625,DL-OMP,X,-17.6555,1.91995,0.0356191,1.36919,1,,,,,,,
2026-03-28 12:34:01,Fig8,NMSE_vs_d,vard_sweep,64,8,64,1,10,d,1,exact_USW,400,21.2625,MUSIC+Tri,X,-7.85408,5.12894,0.837106,1.08956,0,,,,,,,
2026-03-28 12:34:01,Fig8,NMSE_vs_d,vard_sweep,64,8,64,1,10,d,1,exact_USW,400,21.2625,DFrFT-NOMP,X,-0.00436178,1.93517,9.4741,7.88673,70,,,,,,,
2026-03-28 12:34:01,Fig8,NMSE_vs_d,vard_sweep,64,8,64,1,10,d,1,exact_USW,400,21.2625,BF-SOMP,X,-8.42706,6.09298,2.78323,7.71002,57,,,,,,,
2026-03-28 12:34:01,Fig8,NMSE_vs_d,vard_sweep,64,8,64,1,10,d,1,exact_USW,400,21.2625,BF-SOMP (adpt),X,-8.42706,6.09298,2.78323,7.71002,57,,,,,,,
2026-03-28 12:34:14,Fig8,NMSE_vs_d,vard_sweep,64,8,64,2,10,d,2,exact_USW,400,21.2625,CL-KL,R_hat,-7.25149,3.77336,3.9865,16.3737,89.75,,140.118,9.25,0.0967534,0.0312399,3.02703,
2026-03-28 12:34:14,Fig8,NMSE_vs_d,vard_sweep,64,8,64,2,10,d,2,exact_USW,400,21.2625,P-SOMP,R_hat,-5.77937,4.11958,5.23893,7.63755,78,,,,,,,
2026-03-28 12:34:14,Fig8,NMSE_vs_d,vard_sweep,64,8,64,2,10,d,2,exact_USW,400,21.2625,DL-OMP,X,-11.173,4.75354,0.927513,2.98421,20.25,,,,,,,
2026-03-28 12:34:14,Fig8,NMSE_vs_d,vard_sweep,64,8,64,2,10,d,2,exact_USW,400,21.2625,MUSIC+Tri,X,-5.24076,3.46591,1.80993,2.72965,15.5,,,,,,,
2026-03-28 12:34:14,Fig8,NMSE_vs_d,vard_sweep,64,8,64,2,10,d,2,exact_USW,400,21.2625,DFrFT-NOMP,X,0.235952,1.51783,9.73102,7.3448,88.5,,,,,,,
2026-03-28 12:34:14,Fig8,NMSE_vs_d,vard_sweep,64,8,64,2,10,d,2,exact_USW,400,21.2625,BF-SOMP,X,-3.42559,3.61212,7.99018,8.24877,89,,,,,,,
2026-03-28 12:34:14,Fig8,NMSE_vs_d,vard_sweep,64,8,64,2,10,d,2,exact_USW,400,21.2625,BF-SOMP (adpt),X,-3.42559,3.61212,7.99018,8.24877,89,,,,,,,
2026-03-28 12:34:26,Fig8,NMSE_vs_d,vard_sweep,64,8,64,3,10,d,3,exact_USW,400,21.2625,CL-KL,R_hat,-5.25441,3.09511,6.93523,16.2206,96.5,,126.748,20.75,0.094819,0.0469317,4.3879,
2026-03-28 12:34:26,Fig8,NMSE_vs_d,vard_sweep,64,8,64,3,10,d,3,exact_USW,400,21.2625,P-SOMP,R_hat,-3.87044,2.96036,7.98693,7.16731,91,,,,,,,
2026-03-28 12:34:26,Fig8,NMSE_vs_d,vard_sweep,64,8,64,3,10,d,3,exact_USW,400,21.2625,DL-OMP,X,-4.76267,3.55765,4.81908,4.75637,56.25,,,,,,,
2026-03-28 12:34:26,Fig8,NMSE_vs_d,vard_sweep,64,8,64,3,10,d,3,exact_USW,400,21.2625,MUSIC+Tri,X,-2.93152,2.90352,6.04046,4.99283,55,,,,,,,
2026-03-28 12:34:26,Fig8,NMSE_vs_d,vard_sweep,64,8,64,3,10,d,3,exact_USW,400,21.2625,DFrFT-NOMP,X,1.00052,1.25863,10.6233,7.22401,96.25,,,,,,,
2026-03-28 12:34:26,Fig8,NMSE_vs_d,vard_sweep,64,8,64,3,10,d,3,exact_USW,400,21.2625,BF-SOMP,X,-1.74393,2.45174,9.93768,7.45037,94.75,,,,,,,
2026-03-28 12:34:26,Fig8,NMSE_vs_d,vard_sweep,64,8,64,3,10,d,3,exact_USW,400,21.2625,BF-SOMP (adpt),X,-1.74393,2.45174,9.93768,7.45037,94.75,,,,,,,
2026-03-28 12:34:38,Fig8,NMSE_vs_d,vard_sweep,64,8,64,4,10,d,4,exact_USW,400,21.2625,CL-KL,R_hat,-3.47861,2.54643,8.30242,16.4339,99.75,,98.7,44.25,0.0915023,0.060592,7.40096,
2026-03-28 12:34:38,Fig8,NMSE_vs_d,vard_sweep,64,8,64,4,10,d,4,exact_USW,400,21.2625,P-SOMP,R_hat,-2.51319,2.30304,9.30008,7.13988,96,,,,,,,
2026-03-28 12:34:38,Fig8,NMSE_vs_d,vard_sweep,64,8,64,4,10,d,4,exact_USW,400,21.2625,DL-OMP,X,-2.46795,2.56411,8.07455,5.80162,80.5,,,,,,,
2026-03-28 12:34:38,Fig8,NMSE_vs_d,vard_sweep,64,8,64,4,10,d,4,exact_USW,400,21.2625,MUSIC+Tri,X,-1.05718,2.54157,8.96878,7.2082,86.5,,,,,,,
2026-03-28 12:34:38,Fig8,NMSE_vs_d,vard_sweep,64,8,64,4,10,d,4,exact_USW,400,21.2625,DFrFT-NOMP,X,1.60488,1.40445,10.5726,7.11091,97,,,,,,,
2026-03-28 12:34:38,Fig8,NMSE_vs_d,vard_sweep,64,8,64,4,10,d,4,exact_USW,400,21.2625,BF-SOMP,X,-0.870797,1.81438,10.6162,7.11419,97,,,,,,,
2026-03-28 12:34:38,Fig8,NMSE_vs_d,vard_sweep,64,8,64,4,10,d,4,exact_USW,400,21.2625,BF-SOMP (adpt),X,-0.870797,1.81438,10.6162,7.11419,97,,,,,,,
2026-03-28 12:34:48,Fig8,NMSE_vs_d,vard_sweep,64,8,64,5,10,d,5,exact_USW,400,21.2625,CL-KL,R_hat,-2.24417,2.21179,8.56795,15.6326,99.5,,75,63,0.0892524,0.0965615,7.7259,
2026-03-28 12:34:48,Fig8,NMSE_vs_d,vard_sweep,64,8,64,5,10,d,5,exact_USW,400,21.2625,P-SOMP,R_hat,-1.63148,1.86815,9.24037,6.74712,97,,,,,,,
2026-03-28 12:34:48,Fig8,NMSE_vs_d,vard_sweep,64,8,64,5,10,d,5,exact_USW,400,21.2625,DL-OMP,X,-1.44311,2.2039,8.39604,6.51066,88,,,,,,,
2026-03-28 12:34:48,Fig8,NMSE_vs_d,vard_sweep,64,8,64,5,10,d,5,exact_USW,400,21.2625,MUSIC+Tri,X,0.479254,2.44796,9.97942,7.86192,95,,,,,,,
2026-03-28 12:34:48,Fig8,NMSE_vs_d,vard_sweep,64,8,64,5,10,d,5,exact_USW,400,21.2625,DFrFT-NOMP,X,2.60254,1.66634,11.1639,7.11814,99.25,,,,,,,
2026-03-28 12:34:48,Fig8,NMSE_vs_d,vard_sweep,64,8,64,5,10,d,5,exact_USW,400,21.2625,BF-SOMP,X,-0.220164,1.47562,10.1265,6.81244,99.25,,,,,,,
2026-03-28 12:34:48,Fig8,NMSE_vs_d,vard_sweep,64,8,64,5,10,d,5,exact_USW,400,21.2625,BF-SOMP (adpt),X,-0.220164,1.47562,10.1265,6.81244,99.25,,,,,,,
2026-03-28 12:34:50,Fig9,CL-KL_convergence,convergence_diagnostic,64,8,64,3,-10,SNR_dB,-10,gaussian,50,21.2625,CL-KL,R_hat,,,,,,,6.72,100,0.829716,,,
2026-03-28 12:34:50,Fig9,CL-KL_convergence,convergence_diagnostic,64,8,64,3,0,SNR_dB,0,gaussian,50,21.2625,CL-KL,R_hat,,,,,,,11.74,100,0.913455,,,
2026-03-28 12:34:54,Fig9,CL-KL_convergence,convergence_diagnostic,64,8,64,3,10,SNR_dB,10,gaussian,50,21.2625,CL-KL,R_hat,,,,,,,123.84,22,0.945303,,,
2026-03-28 12:34:56,Fig9,CL-KL_convergence,convergence_diagnostic,64,8,64,3,20,SNR_dB,20,gaussian,50,21.2625,CL-KL,R_hat,,,,,,,98.96,62,0.959416,,,
2026-03-28 12:35:00,Fig7b,Source_model_robustness,source_robustness_gaussian,64,8,64,3,-15,SNR_dB,-15,gaussian,400,21.2625,CL-KL,R_hat,10.0878,1.20285,11.5344,14.2431,99.25,,6,100,24.9281,,,
2026-03-28 12:35:00,Fig7b,Source_model_robustness,source_robustness_gaussian,64,8,64,3,-15,SNR_dB,-15,gaussian,400,21.2625,P-SOMP,R_hat,9.89176,0.702034,11.7981,7.96968,96.5,,,,,,,
2026-03-28 12:35:00,Fig7b,Source_model_robustness,source_robustness_gaussian,64,8,64,3,-15,SNR_dB,-15,gaussian,400,21.2625,DL-OMP,X,12.4286,1.57477,7.47265,9.02567,94.75,,,,,,,
2026-03-28 12:35:00,Fig7b,Source_model_robustness,source_robustness_gaussian,64,8,64,3,-15,SNR_dB,-15,gaussian,400,21.2625,MUSIC+Tri,X,10.9196,2.75338,17.0096,11.0025,98.5,,,,,,,
2026-03-28 12:35:00,Fig7b,Source_model_robustness,source_robustness_gaussian,64,8,64,3,-15,SNR_dB,-15,gaussian,400,21.2625,DFrFT-NOMP,X,11.5021,2.19086,15.3198,7.33189,96.25,,,,,,,
2026-03-28 12:35:00,Fig7b,Source_model_robustness,source_robustness_gaussian,64,8,64,3,-15,SNR_dB,-15,gaussian,400,21.2625,BF-SOMP,X,12.3796,1.36082,15.1055,9.24895,96,,,,,,,
2026-03-28 12:35:03,Fig7b,Source_model_robustness,source_robustness_gaussian,64,8,64,3,-10,SNR_dB,-10,gaussian,400,21.2625,CL-KL,R_hat,5.7288,0.836731,10.5571,15.1103,100,,7.34,100,8.24544,,,
2026-03-28 12:35:03,Fig7b,Source_model_robustness,source_robustness_gaussian,64,8,64,3,-10,SNR_dB,-10,gaussian,400,21.2625,P-SOMP,R_hat,5.62373,0.639403,11.3255,7.65413,96.5,,,,,,,
2026-03-28 12:35:03,Fig7b,Source_model_robustness,source_robustness_gaussian,64,8,64,3,-10,SNR_dB,-10,gaussian,400,21.2625,DL-OMP,X,7.22025,1.51001,5.61214,7.64163,82.25,,,,,,,
2026-03-28 12:35:03,Fig7b,Source_model_robustness,source_robustness_gaussian,64,8,64,3,-10,SNR_dB,-10,gaussian,400,21.2625,MUSIC+Tri,X,7.5082,1.85504,14.2426,9.70386,97.25,,,,,,,
2026-03-28 12:35:03,Fig7b,Source_model_robustness,source_robustness_gaussian,64,8,64,3,-10,SNR_dB,-10,gaussian,400,21.2625,DFrFT-NOMP,X,7.27254,1.82243,15.5479,7.3428,95.25,,,,,,,
2026-03-28 12:35:03,Fig7b,Source_model_robustness,source_robustness_gaussian,64,8,64,3,-10,SNR_dB,-10,gaussian,400,21.2625,BF-SOMP,X,7.97109,1.16919,14.5477,9.13109,97.75,,,,,,,
2026-03-28 12:35:05,Fig7b,Source_model_robustness,source_robustness_gaussian,64,8,64,3,-5,SNR_dB,-5,gaussian,400,21.2625,CL-KL,R_hat,2.10614,0.93736,9.75679,15.0108,98.75,,9.4725,100,2.76396,,,
2026-03-28 12:35:05,Fig7b,Source_model_robustness,source_robustness_gaussian,64,8,64,3,-5,SNR_dB,-5,gaussian,400,21.2625,P-SOMP,R_hat,2.21769,0.782314,10.627,7.70175,95.75,,,,,,,
2026-03-28 12:35:05,Fig7b,Source_model_robustness,source_robustness_gaussian,64,8,64,3,-5,SNR_dB,-5,gaussian,400,21.2625,DL-OMP,X,3.08834,1.7175,5.09266,6.27001,66.25,,,,,,,
2026-03-28 12:35:05,Fig7b,Source_model_robustness,source_robustness_gaussian,64,8,64,3,-5,SNR_dB,-5,gaussian,400,21.2625,MUSIC+Tri,X,4.009,1.45512,13.4054,9.06141,95,,,,,,,
2026-03-28 12:35:05,Fig7b,Source_model_robustness,source_robustness_gaussian,64,8,64,3,-5,SNR_dB,-5,gaussian,400,21.2625,DFrFT-NOMP,X,4.40492,1.36857,13.7394,7.3171,96,,,,,,,
2026-03-28 12:35:05,Fig7b,Source_model_robustness,source_robustness_gaussian,64,8,64,3,-5,SNR_dB,-5,gaussian,400,21.2625,BF-SOMP,X,4.39042,1.10937,14.4159,8.99133,95.5,,,,,,,
2026-03-28 12:35:08,Fig7b,Source_model_robustness,source_robustness_gaussian,64,8,64,3,0,SNR_dB,0,gaussian,400,21.2625,CL-KL,R_hat,-0.844541,1.49363,9.08485,16.8407,99,,12.065,100,0.916965,,,
2026-03-28 12:35:08,Fig7b,Source_model_robustness,source_robustness_gaussian,64,8,64,3,0,SNR_dB,0,gaussian,400,21.2625,P-SOMP,R_hat,-0.488589,1.49544,9.46796,7.53298,96.25,,,,,,,
2026-03-28 12:35:08,Fig7b,Source_model_robustness,source_robustness_gaussian,64,8,64,3,0,SNR_dB,0,gaussian,400,21.2625,DL-OMP,X,-0.667187,2.04594,5.19678,5.65331,61.5,,,,,,,
2026-03-28 12:35:08,Fig7b,Source_model_robustness,source_robustness_gaussian,64,8,64,3,0,SNR_dB,0,gaussian,400,21.2625,MUSIC+Tri,X,1.24321,1.52661,10.6614,8.13411,89.25,,,,,,,
2026-03-28 12:35:08,Fig7b,Source_model_robustness,source_robustness_gaussian,64,8,64,3,0,SNR_dB,0,gaussian,400,21.2625,DFrFT-NOMP,X,2.43543,1.15441,12.0578,7.16407,95.5,,,,,,,
2026-03-28 12:35:08,Fig7b,Source_model_robustness,source_robustness_gaussian,64,8,64,3,0,SNR_dB,0,gaussian,400,21.2625,BF-SOMP,X,0.991619,1.18294,11.0635,7.92113,96.5,,,,,,,
2026-03-28 12:35:11,Fig7b,Source_model_robustness,source_robustness_gaussian,64,8,64,3,5,SNR_dB,5,gaussian,400,21.2625,CL-KL,R_hat,-3.38045,2.29549,7.86911,15.7233,97.5,,17.7225,100,0.295477,,,
2026-03-28 12:35:11,Fig7b,Source_model_robustness,source_robustness_gaussian,64,8,64,3,5,SNR_dB,5,gaussian,400,21.2625,P-SOMP,R_hat,-2.40639,2.29708,8.46182,7.47341,94.25,,,,,,,
2026-03-28 12:35:11,Fig7b,Source_model_robustness,source_robustness_gaussian,64,8,64,3,5,SNR_dB,5,gaussian,400,21.2625,DL-OMP,X,-3.24534,2.97932,4.74659,5.11846,51.25,,,,,,,
2026-03-28 12:35:11,Fig7b,Source_model_robustness,source_robustness_gaussian,64,8,64,3,5,SNR_dB,5,gaussian,400,21.2625,MUSIC+Tri,X,-1.17506,2.27836,8.08198,6.29868,71.5,,,,,,,
2026-03-28 12:35:11,Fig7b,Source_model_robustness,source_robustness_gaussian,64,8,64,3,5,SNR_dB,5,gaussian,400,21.2625,DFrFT-NOMP,X,1.33168,1.224,11.2565,7.13172,97,,,,,,,
2026-03-28 12:35:11,Fig7b,Source_model_robustness,source_robustness_gaussian,64,8,64,3,5,SNR_dB,5,gaussian,400,21.2625,BF-SOMP,X,-0.614454,1.74771,10.55,7.49798,97.5,,,,,,,
2026-03-28 12:35:24,Fig7b,Source_model_robustness,source_robustness_gaussian,64,8,64,3,10,SNR_dB,10,gaussian,400,21.2625,CL-KL,R_hat,-5.08069,3.18146,6.74079,16.3524,96,,128.257,20.5,0.0945104,,,
2026-03-28 12:35:24,Fig7b,Source_model_robustness,source_robustness_gaussian,64,8,64,3,10,SNR_dB,10,gaussian,400,21.2625,P-SOMP,R_hat,-4.17021,3.25305,7.32758,7.0912,91,,,,,,,
2026-03-28 12:35:24,Fig7b,Source_model_robustness,source_robustness_gaussian,64,8,64,3,10,SNR_dB,10,gaussian,400,21.2625,DL-OMP,X,-4.55105,3.60614,5.41927,4.92868,55.25,,,,,,,
2026-03-28 12:35:24,Fig7b,Source_model_robustness,source_robustness_gaussian,64,8,64,3,10,SNR_dB,10,gaussian,400,21.2625,MUSIC+Tri,X,-2.97277,2.91992,5.6962,4.92047,48.75,,,,,,,
2026-03-28 12:35:24,Fig7b,Source_model_robustness,source_robustness_gaussian,64,8,64,3,10,SNR_dB,10,gaussian,400,21.2625,DFrFT-NOMP,X,1.04546,1.28462,10.5527,7.35302,95,,,,,,,
2026-03-28 12:35:24,Fig7b,Source_model_robustness,source_robustness_gaussian,64,8,64,3,10,SNR_dB,10,gaussian,400,21.2625,BF-SOMP,X,-1.8535,2.46253,9.61428,7.503,94.25,,,,,,,
2026-03-28 12:35:37,Fig7b,Source_model_robustness,source_robustness_gaussian,64,8,64,3,15,SNR_dB,15,gaussian,400,21.2625,CL-KL,R_hat,-5.33979,3.37745,7.33819,16.0347,96,,139.688,10.75,0.0300374,,,
2026-03-28 12:35:37,Fig7b,Source_model_robustness,source_robustness_gaussian,64,8,64,3,15,SNR_dB,15,gaussian,400,21.2625,P-SOMP,R_hat,-4.51989,3.42301,7.15065,7.12348,91.25,,,,,,,
2026-03-28 12:35:37,Fig7b,Source_model_robustness,source_robustness_gaussian,64,8,64,3,15,SNR_dB,15,gaussian,400,21.2625,DL-OMP,X,-5.6341,4.36545,4.97291,4.5059,54.25,,,,,,,
2026-03-28 12:35:37,Fig7b,Source_model_robustness,source_robustness_gaussian,64,8,64,3,15,SNR_dB,15,gaussian,400,21.2625,MUSIC+Tri,X,-4.35942,3.57454,4.36815,4.10157,40.75,,,,,,,
2026-03-28 12:35:37,Fig7b,Source_model_robustness,source_robustness_gaussian,64,8,64,3,15,SNR_dB,15,gaussian,400,21.2625,DFrFT-NOMP,X,0.828627,1.2809,10.7709,7.51892,94.25,,,,,,,
2026-03-28 12:35:37,Fig7b,Source_model_robustness,source_robustness_gaussian,64,8,64,3,15,SNR_dB,15,gaussian,400,21.2625,BF-SOMP,X,-2.3628,2.67897,9.3576,7.55337,95.5,,,,,,,
2026-03-28 12:35:44,Fig7b,Source_model_robustness,source_robustness_gaussian,64,8,64,3,20,SNR_dB,20,gaussian,400,21.2625,CL-KL,R_hat,-4.77781,4.41846,7.38827,15.9969,97.75,,92.1625,66.5,0.00950319,,,
2026-03-28 12:35:44,Fig7b,Source_model_robustness,source_robustness_gaussian,64,8,64,3,20,SNR_dB,20,gaussian,400,21.2625,P-SOMP,R_hat,-4.94592,3.80728,7.15732,6.9685,88.5,,,,,,,
2026-03-28 12:35:44,Fig7b,Source_model_robustness,source_robustness_gaussian,64,8,64,3,20,SNR_dB,20,gaussian,400,21.2625,DL-OMP,X,-6.11588,4.77151,5.02403,4.51071,49.25,,,,,,,
2026-03-28 12:35:44,Fig7b,Source_model_robustness,source_robustness_gaussian,64,8,64,3,20,SNR_dB,20,gaussian,400,21.2625,MUSIC+Tri,X,-4.92936,4.0001,3.46096,3.22706,30.75,,,,,,,
2026-03-28 12:35:44,Fig7b,Source_model_robustness,source_robustness_gaussian,64,8,64,3,20,SNR_dB,20,gaussian,400,21.2625,DFrFT-NOMP,X,0.698573,1.41607,10.2533,7.714,96.5,,,,,,,
2026-03-28 12:35:44,Fig7b,Source_model_robustness,source_robustness_gaussian,64,8,64,3,20,SNR_dB,20,gaussian,400,21.2625,BF-SOMP,X,-2.80981,3.3068,9.44112,7.57204,94.75,,,,,,,
2026-03-28 12:35:46,Fig7b,Source_model_robustness,source_robustness_gaussian,64,8,64,3,25,SNR_dB,25,gaussian,400,21.2625,CL-KL,R_hat,-0.65961,2.29888,11.386,17.0496,98,,21.9075,92,0.00302075,,,
2026-03-28 12:35:46,Fig7b,Source_model_robustness,source_robustness_gaussian,64,8,64,3,25,SNR_dB,25,gaussian,400,21.2625,P-SOMP,R_hat,-4.63286,3.8123,7.36497,7.34624,92,,,,,,,
2026-03-28 12:35:46,Fig7b,Source_model_robustness,source_robustness_gaussian,64,8,64,3,25,SNR_dB,25,gaussian,400,21.2625,DL-OMP,X,-5.86112,4.91948,5.23041,4.89572,55.75,,,,,,,
2026-03-28 12:35:46,Fig7b,Source_model_robustness,source_robustness_gaussian,64,8,64,3,25,SNR_dB,25,gaussian,400,21.2625,MUSIC+Tri,X,-5.31974,4.07065,3.41225,2.89661,30.75,,,,,,,
2026-03-28 12:35:46,Fig7b,Source_model_robustness,source_robustness_gaussian,64,8,64,3,25,SNR_dB,25,gaussian,400,21.2625,DFrFT-NOMP,X,0.721338,1.29899,10.3995,7.3868,96,,,,,,,
2026-03-28 12:35:46,Fig7b,Source_model_robustness,source_robustness_gaussian,64,8,64,3,25,SNR_dB,25,gaussian,400,21.2625,BF-SOMP,X,-3.19189,3.65595,8.94504,7.47545,93.25,,,,,,,
2026-03-28 12:35:48,Fig7b,Source_model_robustness,source_robustness_qpsk,64,8,64,3,-15,SNR_dB,-15,qpsk,400,21.2625,CL-KL,R_hat,10.1317,1.163,11.3999,14.8084,99.5,,6,100,24.9828,,,
2026-03-28 12:35:48,Fig7b,Source_model_robustness,source_robustness_qpsk,64,8,64,3,-15,SNR_dB,-15,qpsk,400,21.2625,P-SOMP,R_hat,9.85355,0.680046,11.8179,7.75084,96.5,,,,,,,
2026-03-28 12:35:48,Fig7b,Source_model_robustness,source_robustness_qpsk,64,8,64,3,-15,SNR_dB,-15,qpsk,400,21.2625,DL-OMP,X,12.4832,1.57077,7.28141,8.90583,94,,,,,,,
2026-03-28 12:35:48,Fig7b,Source_model_robustness,source_robustness_qpsk,64,8,64,3,-15,SNR_dB,-15,qpsk,400,21.2625,MUSIC+Tri,X,11.0462,2.75001,16.5437,11.112,99,,,,,,,
2026-03-28 12:35:48,Fig7b,Source_model_robustness,source_robustness_qpsk,64,8,64,3,-15,SNR_dB,-15,qpsk,400,21.2625,DFrFT-NOMP,X,11.5242,2.29209,15.8898,7.37117,95,,,,,,,
2026-03-28 12:35:48,Fig7b,Source_model_robustness,source_robustness_qpsk,64,8,64,3,-15,SNR_dB,-15,qpsk,400,21.2625,BF-SOMP,X,12.3832,1.21511,15.2474,8.98829,97.25,,,,,,,
2026-03-28 12:35:51,Fig7b,Source_model_robustness,source_robustness_qpsk,64,8,64,3,-10,SNR_dB,-10,qpsk,400,21.2625,CL-KL,R_hat,5.77711,0.841081,11.5338,14.8741,99.75,,7.6025,100,8.25953,,,
2026-03-28 12:35:51,Fig7b,Source_model_robustness,source_robustness_qpsk,64,8,64,3,-10,SNR_dB,-10,qpsk,400,21.2625,P-SOMP,R_hat,5.62016,0.600483,11.833,8.07924,98.25,,,,,,,
2026-03-28 12:35:51,Fig7b,Source_model_robustness,source_robustness_qpsk,64,8,64,3,-10,SNR_dB,-10,qpsk,400,21.2625,DL-OMP,X,7.63883,1.58701,5.81054,7.49217,80.25,,,,,,,
2026-03-28 12:35:51,Fig7b,Source_model_robustness,source_robustness_qpsk,64,8,64,3,-10,SNR_dB,-10,qpsk,400,21.2625,MUSIC+Tri,X,7.39431,2.0201,14.1272,10.0157,95.5,,,,,,,
2026-03-28 12:35:51,Fig7b,Source_model_robustness,source_robustness_qpsk,64,8,64,3,-10,SNR_dB,-10,qpsk,400,21.2625,DFrFT-NOMP,X,7.43337,1.66378,15.259,7.2461,97.75,,,,,,,
2026-03-28 12:35:51,Fig7b,Source_model_robustness,source_robustness_qpsk,64,8,64,3,-10,SNR_dB,-10,qpsk,400,21.2625,BF-SOMP,X,8.07654,1.07442,15.0672,9.22168,97.25,,,,,,,
2026-03-28 12:35:53,Fig7b,Source_model_robustness,source_robustness_qpsk,64,8,64,3,-5,SNR_dB,-5,qpsk,400,21.2625,CL-KL,R_hat,2.00344,0.987571,10.3688,15.7384,98.75,,9.4875,100,2.76318,,,
2026-03-28 12:35:53,Fig7b,Source_model_robustness,source_robustness_qpsk,64,8,64,3,-5,SNR_dB,-5,qpsk,400,21.2625,P-SOMP,R_hat,2.1134,0.840249,10.9859,7.80926,96.5,,,,,,,
2026-03-28 12:35:53,Fig7b,Source_model_robustness,source_robustness_qpsk,64,8,64,3,-5,SNR_dB,-5,qpsk,400,21.2625,DL-OMP,X,2.97412,1.74333,4.89568,7.00472,67.75,,,,,,,
2026-03-28 12:35:53,Fig7b,Source_model_robustness,source_robustness_qpsk,64,8,64,3,-5,SNR_dB,-5,qpsk,400,21.2625,MUSIC+Tri,X,3.90643,1.45788,12.3659,9.18404,95.75,,,,,,,
2026-03-28 12:35:53,Fig7b,Source_model_robustness,source_robustness_qpsk,64,8,64,3,-5,SNR_dB,-5,qpsk,400,21.2625,DFrFT-NOMP,X,4.31058,1.52296,14.7035,7.19496,96.75,,,,,,,
2026-03-28 12:35:53,Fig7b,Source_model_robustness,source_robustness_qpsk,64,8,64,3,-5,SNR_dB,-5,qpsk,400,21.2625,BF-SOMP,X,4.3951,1.16876,14.5504,9.38152,96.25,,,,,,,
2026-03-28 12:35:56,Fig7b,Source_model_robustness,source_robustness_qpsk,64,8,64,3,0,SNR_dB,0,qpsk,400,21.2625,CL-KL,R_hat,-0.932685,1.48808,9.0041,16.2599,97.25,,12.4425,100,0.917931,,,
2026-03-28 12:35:56,Fig7b,Source_model_robustness,source_robustness_qpsk,64,8,64,3,0,SNR_dB,0,qpsk,400,21.2625,P-SOMP,R_hat,-0.536567,1.40859,9.46421,7.3551,94.25,,,,,,,
2026-03-28 12:35:56,Fig7b,Source_model_robustness,source_robustness_qpsk,64,8,64,3,0,SNR_dB,0,qpsk,400,21.2625,DL-OMP,X,-0.242647,2.31406,4.61807,6.38005,65.75,,,,,,,
2026-03-28 12:35:56,Fig7b,Source_model_robustness,source_robustness_qpsk,64,8,64,3,0,SNR_dB,0,qpsk,400,21.2625,MUSIC+Tri,X,1.31175,1.41167,11.0444,7.99238,88.75,,,,,,,
2026-03-28 12:35:56,Fig7b,Source_model_robustness,source_robustness_qpsk,64,8,64,3,0,SNR_dB,0,qpsk,400,21.2625,DFrFT-NOMP,X,2.44188,1.1691,12.4785,7.16738,97,,,,,,,
2026-03-28 12:35:56,Fig7b,Source_model_robustness,source_robustness_qpsk,64,8,64,3,0,SNR_dB,0,qpsk,400,21.2625,BF-SOMP,X,0.975207,1.14369,11.6081,7.96949,97.75,,,,,,,
2026-03-28 12:35:59,Fig7b,Source_model_robustness,source_robustness_qpsk,64,8,64,3,5,SNR_dB,5,qpsk,400,21.2625,CL-KL,R_hat,-3.55739,2.31395,7.7319,16.6597,98.25,,17.845,100,0.296642,,,
2026-03-28 12:35:59,Fig7b,Source_model_robustness,source_robustness_qpsk,64,8,64,3,5,SNR_dB,5,qpsk,400,21.2625,P-SOMP,R_hat,-2.78059,2.2853,8.04736,7.6299,92.5,,,,,,,
2026-03-28 12:35:59,Fig7b,Source_model_robustness,source_robustness_qpsk,64,8,64,3,5,SNR_dB,5,qpsk,400,21.2625,DL-OMP,X,-2.52371,3.21113,4.55494,6.39205,66.25,,,,,,,
2026-03-28 12:35:59,Fig7b,Source_model_robustness,source_robustness_qpsk,64,8,64,3,5,SNR_dB,5,qpsk,400,21.2625,MUSIC+Tri,X,-1.17371,2.40522,7.74352,6.65076,70.5,,,,,,,
2026-03-28 12:35:59,Fig7b,Source_model_robustness,source_robustness_qpsk,64,8,64,3,5,SNR_dB,5,qpsk,400,21.2625,DFrFT-NOMP,X,1.38513,1.27272,11.0012,7.39993,95.25,,,,,,,
2026-03-28 12:35:59,Fig7b,Source_model_robustness,source_robustness_qpsk,64,8,64,3,5,SNR_dB,5,qpsk,400,21.2625,BF-SOMP,X,-0.800677,1.74341,10.3341,7.60299,95.5,,,,,,,
2026-03-28 12:36:11,Fig7b,Source_model_robustness,source_robustness_qpsk,64,8,64,3,10,SNR_dB,10,qpsk,400,21.2625,CL-KL,R_hat,-5.20925,3.0501,7.04052,16.4248,98.75,,125.897,22.5,0.0947733,,,
2026-03-28 12:36:11,Fig7b,Source_model_robustness,source_robustness_qpsk,64,8,64,3,10,SNR_dB,10,qpsk,400,21.2625,P-SOMP,R_hat,-4.01561,3.14415,7.42426,7.19942,90.25,,,,,,,
2026-03-28 12:36:11,Fig7b,Source_model_robustness,source_robustness_qpsk,64,8,64,3,10,SNR_dB,10,qpsk,400,21.2625,DL-OMP,X,-4.06507,4.2882,4.45024,5.69772,58,,,,,,,
2026-03-28 12:36:11,Fig7b,Source_model_robustness,source_robustness_qpsk,64,8,64,3,10,SNR_dB,10,qpsk,400,21.2625,MUSIC+Tri,X,-3.14449,3.12786,5.37089,5.13806,53.25,,,,,,,
2026-03-28 12:36:11,Fig7b,Source_model_robustness,source_robustness_qpsk,64,8,64,3,10,SNR_dB,10,qpsk,400,21.2625,DFrFT-NOMP,X,0.924231,1.31701,10.7543,7.52481,95.75,,,,,,,
2026-03-28 12:36:11,Fig7b,Source_model_robustness,source_robustness_qpsk,64,8,64,3,10,SNR_dB,10,qpsk,400,21.2625,BF-SOMP,X,-1.59756,2.14794,10.2536,7.7383,97.75,,,,,,,
2026-03-28 12:36:25,Fig7b,Source_model_robustness,source_robustness_qpsk,64,8,64,3,15,SNR_dB,15,qpsk,400,21.2625,CL-KL,R_hat,-5.46173,3.38626,7.49333,16.3292,96.75,,139.912,11.5,0.0300238,,,
2026-03-28 12:36:25,Fig7b,Source_model_robustness,source_robustness_qpsk,64,8,64,3,15,SNR_dB,15,qpsk,400,21.2625,P-SOMP,R_hat,-4.55132,3.56379,7.66685,7.13785,92.25,,,,,,,
2026-03-28 12:36:25,Fig7b,Source_model_robustness,source_robustness_qpsk,64,8,64,3,15,SNR_dB,15,qpsk,400,21.2625,DL-OMP,X,-5.64736,5.1485,3.80478,5.31212,52.75,,,,,,,
2026-03-28 12:36:25,Fig7b,Source_model_robustness,source_robustness_qpsk,64,8,64,3,15,SNR_dB,15,qpsk,400,21.2625,MUSIC+Tri,X,-4.26409,3.24833,4.50373,4.03698,39.75,,,,,,,
2026-03-28 12:36:25,Fig7b,Source_model_robustness,source_robustness_qpsk,64,8,64,3,15,SNR_dB,15,qpsk,400,21.2625,DFrFT-NOMP,X,0.738327,1.32297,10.3811,7.34643,94.75,,,,,,,
2026-03-28 12:36:25,Fig7b,Source_model_robustness,source_robustness_qpsk,64,8,64,3,15,SNR_dB,15,qpsk,400,21.2625,BF-SOMP,X,-2.72802,3.17034,9.65276,7.68338,93.25,,,,,,,
2026-03-28 12:36:32,Fig7b,Source_model_robustness,source_robustness_qpsk,64,8,64,3,20,SNR_dB,20,qpsk,400,21.2625,CL-KL,R_hat,-5.01111,4.26807,7.81327,16.5186,98.5,,94.4175,62,0.00956287,,,
2026-03-28 12:36:32,Fig7b,Source_model_robustness,source_robustness_qpsk,64,8,64,3,20,SNR_dB,20,qpsk,400,21.2625,P-SOMP,R_hat,-4.7116,3.67558,7.38297,7.50631,92.25,,,,,,,
2026-03-28 12:36:32,Fig7b,Source_model_robustness,source_robustness_qpsk,64,8,64,3,20,SNR_dB,20,qpsk,400,21.2625,DL-OMP,X,-5.527,5.68131,4.43817,5.60789,57.25,,,,,,,
2026-03-28 12:36:32,Fig7b,Source_model_robustness,source_robustness_qpsk,64,8,64,3,20,SNR_dB,20,qpsk,400,21.2625,MUSIC+Tri,X,-4.6218,3.48341,3.62997,3.13097,30.75,,,,,,,
2026-03-28 12:36:32,Fig7b,Source_model_robustness,source_robustness_qpsk,64,8,64,3,20,SNR_dB,20,qpsk,400,21.2625,DFrFT-NOMP,X,0.750132,1.32376,10.1835,7.17966,95,,,,,,,
2026-03-28 12:36:32,Fig7b,Source_model_robustness,source_robustness_qpsk,64,8,64,3,20,SNR_dB,20,qpsk,400,21.2625,BF-SOMP,X,-2.60502,2.93894,9.02714,7.68006,95,,,,,,,
2026-03-28 12:36:34,Fig7b,Source_model_robustness,source_robustness_qpsk,64,8,64,3,25,SNR_dB,25,qpsk,400,21.2625,CL-KL,R_hat,-0.651934,2.38355,10.8801,15.7076,98.5,,20.685,92.5,0.00303345,,,
2026-03-28 12:36:34,Fig7b,Source_model_robustness,source_robustness_qpsk,64,8,64,3,25,SNR_dB,25,qpsk,400,21.2625,P-SOMP,R_hat,-5.25379,3.94415,6.88655,7.23854,89.75,,,,,,,
2026-03-28 12:36:34,Fig7b,Source_model_robustness,source_robustness_qpsk,64,8,64,3,25,SNR_dB,25,qpsk,400,21.2625,DL-OMP,X,-6.20104,5.98104,3.61427,5.25927,54.75,,,,,,,
2026-03-28 12:36:34,Fig7b,Source_model_robustness,source_robustness_qpsk,64,8,64,3,25,SNR_dB,25,qpsk,400,21.2625,MUSIC+Tri,X,-5.6828,4.14758,2.60421,2.43209,25,,,,,,,
2026-03-28 12:36:34,Fig7b,Source_model_robustness,source_robustness_qpsk,64,8,64,3,25,SNR_dB,25,qpsk,400,21.2625,DFrFT-NOMP,X,0.800152,1.3439,9.93566,7.26935,95,,,,,,,
2026-03-28 12:36:34,Fig7b,Source_model_robustness,source_robustness_qpsk,64,8,64,3,25,SNR_dB,25,qpsk,400,21.2625,BF-SOMP,X,-2.98389,3.61375,9.16281,7.36667,91.25,,,,,,,
